,FacilityName,FacilityAddress,Borough,Postcode,Latitude,Longitude,Community Board,Community Council ,Census Tract,BIN,BBL,NTA
0,Engine 4/Ladder 15,42 South Street,Manhattan,10005.0,40.703466,-74.007538,1.0,1.0,7.0,1000867.0,1000350001.0,Battery Park City-Lower Manhattan                                          
1,Engine 10/Ladder 10,124 Liberty Street,Manhattan,10006.0,40.710072,-74.012523,1.0,1.0,13.0,1075700.0,1000520022.0,Battery Park City-Lower Manhattan                                          
2,Engine 6,49 Beekman Street,Manhattan,10038.0,40.710048,-74.005245,1.0,1.0,1501.0,1001287.0,1000930030.0,Battery Park City-Lower Manhattan                                          
3,Engine 7/Ladder 1/Battalion 1/Manhattan Borough Command,100-104 Duane Street,Manhattan,10007.0,40.715463,-74.005938,1.0,1.0,33.0,1001647.0,1001500025.0,SoHo-TriBeCa-Civic Center-Little Italy                                     
4,Ladder 8,14 North Moore Street,Manhattan,10013.0,40.719759,-74.00667800000001,1.0,1.0,33.0,1002150.0,1001890035.0,SoHo-TriBeCa-Civic Center-Little Italy                                     
5,Engine 9/Ladder 6,75 Canal Street,Manhattan,10002.0,40.715213,-73.992901,3.0,1.0,16.0,1003898.0,1003000030.0,Chinatown                                                                  
6,Engine 15/Ladder 18/Battalion 4,25 Pitt Street,Manhattan,10002.0,40.716395,-73.983478,3.0,1.0,12.0,1004078.0,1003420060.0,Lower East Side                                                            
7,Engine 28/Ladder 11,222 East 2nd Street,Manhattan,10009.0,40.721682,-73.98262199999999,3.0,2.0,2202.0,1004608.0,1003850058.0,Lower East Side                                                            
8,Engine 5,340 East 14th Street,Manhattan,10003.0,40.731752,-73.983536,3.0,2.0,40.0,1006520.0,1004550028.0,East Village                                                               
9,Engine 55,363 Broome Street,Manhattan,10013.0,40.720033,-73.995689,2.0,1.0,41.0,1066722.0,1004700012.0,SoHo-TriBeCa-Civic Center-Little Italy                                     
10,Ladder 20/Division 1,253 Lafayette Street,Manhattan,10012.0,40.723071999999995,-73.996804,2.0,1.0,43.0,1007523.0,1004950007.0,SoHo-TriBeCa-Civic Center-Little Italy                                     
11,Engine 24/Ladder 5/Battalion 2,227-29 6th Avenue,Manhattan,10014.0,40.727914,-74.003157,2.0,3.0,37.0,1080044.0,1005200037.0,SoHo-TriBeCa-Civic Center-Little Italy                                     
12,Engine 33/Ladder 9,42 Great Jones Street,Manhattan,10012.0,40.726815,-73.992643,2.0,1.0,5502.0,1008526.0,1005310049.0,West Village                                                               
13,Ladder 3/Battalion 6,108 East 13th Street,Manhattan,10003.0,40.733329,-73.989421,3.0,2.0,42.0,1009010.0,1005580011.0,East Village                                                               
14,Squad 18,132 West 10th Street,Manhattan,10014.0,40.734625,-74.000346,2.0,3.0,71.0,1010686.0,1006100051.0,West Village                                                               
15,Engine 34/Ladder 21,440 West 38th Street,Manhattan,10018.0,40.756634999999996,-73.996217,4.0,3.0,111.0,1012982.0,1007350061.0,Hudson Yards-Chelsea-Flatiron-Union Square                                 
16,Engine 26,220 West 37th Street,Manhattan,10018.0,40.753239,-73.990078,5.0,3.0,109.0,1014447.0,1007860061.0,Midtown-Midtown South                                                      
17,Engine 3/Ladder 12/Battalion 7,150 West 19th Street,Manhattan,10011.0,40.741044,-73.996041,4.0,3.0,87.0,1014724.0,1007940066.0,Hudson Yards-Chelsea-Flatiron-Union Square                                 
18,Engine 1/Ladder 24,142-46 West 31st Street,Manhattan,10001.0,40.74843,-73.990447,5.0,3.0,101.0,1015173.0,1008060066.0,Midtown-Midtown South                                                      
19,Engine 14,14 East 18th Street,Manhattan,10003.0,40.738143,-73.990964,5.0,2.0,52.0,1016141.0,1008460066.0,Hudson Yards-Chelsea-Flatiron-Union Square                                 
20,Engine 16 / Ladder 7 ,234 East 29th Street,Manhattan,10016.0,40.742209,-73.979535,6.0,2.0,66.0,1019903.0,1009090035.0,Murray Hill-Kips Bay                                                       
21,Engine 21,238 East 40th Street,Manhattan,10016.0,40.748845,-73.973888,6.0,4.0,88.0,1020385.0,1009200042.0,Turtle Bay-East Midtown                                                    
22,Engine 54/Ladder 4/Battalion 9,782 8th Avenue,Manhattan,10036.0,40.760791999999995,-73.98718199999999,5.0,3.0,125.0,1024767.0,1010190061.0,Midtown-Midtown South                                                      
23,Engine 23,215 West 58th Street,Manhattan,10019.0,40.766544,-73.98035,5.0,4.0,137.0,1024915.0,1010300023.0,Midtown-Midtown South                                                      
24,Rescue 1,530 West 43rd Street,Manhattan,10036.0,40.760892,-73.99640500000001,4.0,3.0,129.0,1070109.0,1010710049.0,Clinton                                                                    
25,Engine 40/Ladder 35,131 Amsterdam Avenue  ,Manhattan,10023.0,40.774505,-73.984619,7.0,6.0,149.0,1077844.0,1011377501.0,Lincoln Square                                                             
26,Ladder 25/District Office 4/Division 3,205-207 West 77th Street,Manhattan,10024.0,40.781991999999995,-73.97962700000001,7.0,6.0,163.0,1030885.0,1011690026.0,Upper West Side                                                            
27,Engine 74,120 West 83rd Street ,Manhattan,10024.0,40.784881,-73.974434,7.0,6.0,169.0,1032079.0,1012130041.0,Upper West Side                                                            
28,Engine 65,33 West 43rd Street,Manhattan,10036.0,40.754676,-73.98161,5.0,4.0,96.0,1076256.0,1012590018.0,Midtown-Midtown South                                                      
29,Engine 8 / Ladder 2 / Battalion 8,167 East 51st Street,Manhattan,10022.0,40.756812,-73.971142,6.0,4.0,100.0,1036462.0,1013060033.0,Turtle Bay-East Midtown                                                    
30,Engine 39/Ladder 16,157-59 East 67th Street,Manhattan,10065.0,40.76696,-73.963856,8.0,4.0,120.0,1072190.0,1014020029.0,Upper East Side-Carnegie Hill                                              
31,Engine 44,221 East 75th Street,Manhattan,10021.0,40.771427,-73.95852099999999,8.0,4.0,134.0,1044059.0,1014300010.0,Lenox Hill-Roosevelt Island                                                
32,Engine 22/Ladder 13/Battalion 10,159 East 85th Street,Manhattan,10028.0,40.778584,-73.955516,8.0,5.0,14801.0,1047937.0,1015140027.0,Upper East Side-Carnegie Hill                                              
33,Engine 58/Ladder 26,1367 5th Avenue,Manhattan,10029.0,40.798873,-73.94775899999999,11.0,9.0,184.0,1080501.0,1016180001.0,East Harlem North                                                          
34,Engine 53/Ladder 43,1836-46 3rd  Avenue,Manhattan,10029.0,40.788714,-73.946774,11.0,8.0,166.0,1051850.0,1016290040.0,East Harlem South                                                          
35,Engine 91,242 East 111th Street,Manhattan,10029.0,40.794327,-73.941345,11.0,8.0,180.0,1052473.0,1016600030.0,East Harlem North                                                          
36,Engine 35/Ladder 14,2282 3rd Avenue,Manhattan,10035.0,40.803129,-73.93624399999999,11.0,8.0,196.0,1054465.0,1017730033.0,East Harlem North                                                          
37,Engine 76/Ladder 22/Battalion 11,145-51 West 100th Street,Manhattan,10025.0,40.795924,-73.966726,7.0,7.0,189.0,1055910.0,1018550005.0,Upper West Side                                                            
38,Engine 47,502 West 113th Street,Manhattan,10025.0,40.805068,-73.962929,9.0,7.0,199.0,1057000.0,1018840039.0,Morningside Heights                                                        
39,Engine 59/Ladder 30,111 West 133rd Street,Manhattan,10030.0,40.813057,-73.942358,10.0,9.0,226.0,1058225.0,1019180024.0,Central Harlem North-Polo Grounds                                          
40,Engine 37/Ladder 40,415 West 125th Street,Manhattan,10027.0,40.81177,-73.954858,9.0,7.0,20901.0,1059547.0,1019660061.0,Morningside Heights                                                        
41,Engine 69/Ladder 28/Battalion 16,248 West 143rd Street,Manhattan,10030.0,40.821104999999996,-73.941849,10.0,9.0,232.0,1075491.0,1020280051.0,Central Harlem North-Polo Grounds                                          
42,Engine 80/Ladder 23,503 West 139th Street,Manhattan,10031.0,40.821585999999996,-73.950689,9.0,7.0,225.0,1075504.0,1020710027.0,Hamilton Heights                                                           
43,Engine 84/Ladder 34,513 West 161st Street,Manhattan,10032.0,40.835640000000005,-73.94085600000001,12.0,7.0,245.0,1062872.0,1021200046.0,Washington Heights South                                                   
44,Engine 67,518 West 170th Street,Manhattan,10032.0,40.841394,-73.936836,12.0,10.0,253.0,1063024.0,1021260034.0,Washington Heights South                                                   
45,Engine 93/Ladder 45/Battalion 13,515 West 181st Street,Manhattan,10033.0,40.848397999999996,-73.931516,12.0,10.0,269.0,1075518.0,1021550030.0,Washington Heights North                                                   
46,Engine 95/Ladder 36,29 Vermilyea Avenue,Manhattan,10034.0,40.864975,-73.925403,12.0,10.0,291.0,1064801.0,1022240015.0,Marble Hill-Inwood                                                         
48,Engine 60/Ladder 17/Battalion 14,341 East 143rd Street,Bronx,10454.0,40.813024,-73.922395,1.0,8.0,41.0,2000656.0,2023060052.0,Mott Haven-Port Morris                                                     
49,Squad 41,330 East 150th Street,Bronx,10451.0,40.817502000000005,-73.92036999999999,1.0,17.0,65.0,2000930.0,2023310033.0,Melrose South-Mott Haven North                                             
50,Engine 71/Ladder 55/Division 6,720 Melrose Avenue,Bronx,10455.0,40.820422,-73.915778,1.0,17.0,69.0,2001400.0,2023770001.0,Melrose South-Mott Haven North                                             
51,Engine 50/Ladder 19,1155 Washington Avenue,Bronx,10456.0,40.829652,-73.907831,3.0,16.0,185.0,2001584.0,2023880045.0,Morrisania-Melrose                                                         
52,Engine 92/Ladder 44/Battalion 17,1259 Morris Avenue,Bronx,10456.0,40.834627000000005,-73.91331,4.0,16.0,17901.0,2096490.0,2024500040.0,East Concourse-Concourse Village                                           
53,EMS Station 17 ,1080 Ogden Avenue,Bronx,10452.0,40.835037,-73.92817600000001,4.0,8.0,193.0,2003255.0,2025140009.0,Highbridge                                                                 
54,Engine 68/Ladder 49,1160 Ogden Avenue ,Bronx,10452.0,40.836711,-73.927231,4.0,16.0,199.0,2003268.0,2025140056.0,Highbridge                                                                 
55,EMS Station 26,1264 Boston Road,Bronx,10456.0,40.830637,-73.900986,3.0,17.0,151.0,2004749.0,2026630022.0,Morrisania-Melrose                                                         
56,Engine 73/Ladder 42/Battalion 26,655 Prospect Avenue,Bronx,10455.0,40.815233,-73.903418,1.0,17.0,79.0,2094318.0,2026750033.0,Melrose South-Mott Haven North                                             
57,Engine 94/Ladder 48/Battalion 3,1226 Seneca Avenue,Bronx,10474.0,40.818659000000004,-73.888853,2.0,17.0,11502.0,2006440.0,2027620054.0,Hunts Point                                                                
58,Engine 42,1781 Monroe Avenue,Bronx,10457.0,40.846283,-73.906532,5.0,15.0,22901.0,2007448.0,2027970035.0,Mount Hope                                                                 
59,Engine 43/Ladder 59,1901 Sedgwick Avenue,Bronx,10453.0,40.854413,-73.917148,5.0,16.0,247.0,2009252.0,2028810140.0,University Heights-Morris Heights                                          
60,Rescue 3,1655 Washington Avenue,Bronx,10457.0,40.841012,-73.90145799999999,3.0,16.0,167.0,2117925.0,2029050030.0,Claremont-Bathgate                                                         
61,"Engine 46, Ladder 27",460 Cross Bronx Expressway,Bronx,10457.0,40.844121,-73.900366,6.0,15.0,165.0,2009509.0,2029070010.0,Claremont-Bathgate                                                         
62,"Bronx Borough Command, District Office 6 & 7 ",451 East 176th Street,Bronx,10457.0,40.84622,-73.899437,6.0,15.0,395.0,2009541.0,2029090040.0,Claremont-Bathgate                                                         
63,Engine 82/Ladder 31,1213 Intervale Avenue,Bronx,10459.0,40.828518,-73.894951,3.0,17.0,125.0,2010447.0,2029730038.0,Morrisania-Melrose                                                         
64,Engine 48/Ladder 56/Division 7,2417 Webster Avenue,Bronx,10458.0,40.8594,-73.893546,5.0,15.0,39902.0,2011061.0,2030250025.0,Bedford Park-Fordham North                                                 
65,Engine 88/Ladder 38,2225 Belmont Avenue,Bronx,10457.0,40.851495,-73.88775,6.0,15.0,391.0,2086781.0,2030860038.0,Belmont                                                                    
66,Engine 45/Ladder 58/Battalion 18,925 East Tremont Avenue,Bronx,10460.0,40.84172,-73.883628,6.0,17.0,363.0,2013192.0,2031260012.0,East Tremont                                                               
67,Engine 75/Ladder 33/Battalion 19,2175 Walton Avenue,Bronx,10453.0,40.856116,-73.904179,5.0,14.0,239.0,2118039.0,2031860037.0,Fordham South                                                              
68,Engine 81/Ladder 46,3025 Bailey Avenue,Bronx,10463.0,40.876728,-73.903539,8.0,14.0,277.0,2000000.0,2032660001.0,Van Cortlandt Village                                                      
69,Engine 79/Ladder 37/Battalion 27,2928 Briggs Avenue,Bronx,10458.0,40.870433,-73.88679599999999,7.0,11.0,40702.0,2016936.0,2032970009.0,Bedford Park-Fordham North                                                 
70,  Engine 96/Ladder 54,1689 Story Avenue,Bronx,10473.0,40.822794,-73.86936800000001,9.0,18.0,46.0,2022629.0,2036600001.0,Soundview-Castle Hill-Clason Point-Harding Park                            
71,Engine 64/Ladder 47/District Office 7,1214 Castle Hill Avenue,Bronx,10462.0,40.832288,-73.85111500000001,9.0,18.0,92.0,2094871.0,2038210007.0,Westchester-Unionport                                                      
72,Engine 90/Ladder 41,1843 White Plains Road,Bronx,10462.0,40.846244,-73.86650300000001,11.0,15.0,236.0,2043470.0,2040490049.0,Van Nest-Morris Park-Westchester Square                                    
73,Squad 61/Battalion 20,1518 Williamsbridge Road,Bronx,10461.0,40.844894000000004,-73.846663,11.0,13.0,200.0,2044205.0,2040820011.0,Van Nest-Morris Park-Westchester Square                                    
74,Engine 97,1454 Astor Avenue,Bronx,10469.0,40.859596999999994,-73.84421800000001,11.0,13.0,314.0,2050740.0,2043890023.0,Allerton-Pelham Gardens                                                    
75,Engine 62/Ladder 32,3431 White Plains Road,Bronx,10467.0,40.876176,-73.867003,12.0,12.0,374.0,2056968.0,2046280053.0,Williamsbridge-Olinville                                                   
76,Engine 38/Ladder 51,3446 Eastchester Road,Bronx,10469.0,40.877627000000004,-73.846678,12.0,12.0,386.0,2060238.0,2047230045.0,Eastchester-Edenwald-Baychester                                            
77,Engine 63/Ladder 39/Battalion 15,755 East 233rd Street,Bronx,10466.0,40.892803,-73.85548299999999,12.0,12.0,434.0,2068155.0,2049970013.0,Woodlawn-Wakefield                                                         
78,Engine 66/Ladder 61,21 Asch Loop West,Bronx,10475.0,40.870016,-73.830873,10.0,12.0,46201.0,2072355.0,2051410103.0,Co-op City                                                                 
79,Engine 89/Ladder 50,2924 Bruckner Boulevard,Bronx,10465.0,40.83332,-73.82741800000001,10.0,13.0,164.0,2076433.0,2054190125.0,Schuylerville-Throgs Neck-Edgewater Park                                   
80,Engine 72,3929 East Tremont Avenue,Bronx,10465.0,40.821377000000005,-73.818597,10.0,13.0,130.0,2077258.0,2054430170.0,Schuylerville-Throgs Neck-Edgewater Park                                   
81,Engine 70/Ladder 53,169 Schofield Street,Bronx,10464.0,40.845338,-73.78473699999999,10.0,13.0,516.0,2082474.0,2056420118.0,Pelham Bay-Country Club-City Island                                        
82,Engine 207/Ladder 110/Battalion 31/Division 11/Brooklyn Borough Command,172 Tillary Street,Brooklyn,11201.0,40.695983,-73.983159,2.0,35.0,15.0,3000252.0,3001340006.0,DUMBO-Vinegar Hill-Downtown Brooklyn-Boerum Hill                           
83,Engine 226,409 State Street,Brooklyn,11217.0,40.686982,-73.982876,2.0,33.0,41.0,3000562.0,3001720048.0,DUMBO-Vinegar Hill-Downtown Brooklyn-Boerum Hill                           
84,Engine 205/Ladder 118,74 Middagh Street,Brooklyn,11201.0,40.700171999999995,-73.992239,2.0,33.0,1.0,3001600.0,3002160022.0,Brooklyn Heights-Cobble Hill                                               
85,Engine 224,274 Hicks Street,Brooklyn,11201.0,40.692948,-73.996971,2.0,33.0,7.0,3002336.0,3002600036.0,Brooklyn Heights-Cobble Hill                                               
86,Engine 279/Ladder 131,252 Lorraine Street,Brooklyn,11231.0,40.672335,-73.999611,6.0,38.0,53.0,3008207.0,3004860018.0,Carroll Gardens-Columbia Street-Red Hook                                   
87,Engine 202/Ladder 101/Battalion 32,31 Richards Street,Brooklyn,11231.0,40.680489,-74.006522,6.0,38.0,59.0,3008254.0,3005120022.0,Carroll Gardens-Columbia Street-Red Hook                                   
88,Engine 228,436 39th Street,Brooklyn,11232.0,40.652045,-74.005218,7.0,38.0,84.0,3010534.0,3007090019.0,Sunset Park West                                                           
89,Engine 201/Ladder 114/Battalion 40,5113-5117 4th Avenue,Brooklyn,11220.0,40.645773,-74.01329,7.0,38.0,78.0,3414005.0,3007990003.0,Sunset Park West                                                           
90,Squad 1,788 Union Street,Brooklyn,11215.0,40.674858,-73.97649100000001,6.0,39.0,157.0,3020193.0,3009570023.0,Park Slope-Gowanus                                                         
91,Engine 239,395 4th Avenue,Brooklyn,11215.0,40.671828999999995,-73.987476,6.0,39.0,137.0,3021578.0,3009930005.0,Park Slope-Gowanus                                                         
92,Engine 220/Ladder 122,530-532 11th Street,Brooklyn,11215.0,40.665115,-73.981408,6.0,39.0,151.0,3026278.0,3010960025.0,Park Slope-Gowanus                                                         
93,Ladder 105,494 Dean Street,Brooklyn,11217.0,40.681357,-73.973561,8.0,35.0,161.0,3027813.0,3011360011.0,Prospect Heights                                                           
95,Rescue 2,1472 Bergen Street,Brooklyn,11213.0,40.675264,-73.934917,8.0,36.0,345.0,3035830.0,3013530014.0,Crown Heights North                                                        
97,Engine 227,423-25 Ralph Avenue,Brooklyn,11233.0,40.674797999999996,-73.922015,16.0,41.0,303.0,3038838.0,3014450002.0,Ocean Hill                                                                 
98,Engine 233/Ladder 176,25 Rockaway Avenue,Brooklyn,11233.0,40.682615999999996,-73.911687,16.0,37.0,369.0,3040990.0,3015120001.0,Ocean Hill                                                                 
99,Engine 217,940 Dekalb Avenue,Brooklyn,11221.0,40.692896000000005,-73.938066,3.0,36.0,281.0,3043215.0,3016010023.0,Stuyvesant Heights                                                         
100,Engine 222/Battalion 37,32 Ralph Avenue,Brooklyn,11221.0,40.689384999999994,-73.924006,3.0,41.0,387.0,3044596.0,3016330039.0,Stuyvesant Heights                                                         
101,Engine 214/Ladder 111,495 Hancock Street,Brooklyn,11233.0,40.684160999999996,-73.935957,3.0,36.0,275.0,3045695.0,3016540045.0,Stuyvesant Heights                                                         
102,Engine 230,701 Park Avenue,Brooklyn,11206.0,40.697792,-73.947874,3.0,36.0,257.0,3048373.0,3017300049.0,Bedford                                                                    
103,Engine 235/Battalion 57,206 Monroe Street,Brooklyn,11216.0,40.685357,-73.951464,3.0,36.0,245.0,3051323.0,3018170048.0,Bedford                                                                    
104,Ladder 102,850-56 Bedford Avenue,Brooklyn,11205.0,40.695634999999996,-73.956361,3.0,33.0,1237.0,3054771.0,3019000050.0,Bedford                                                                    
105,Marine 6,Building 292 Brooklyn Navy Yard,Brooklyn,11205.0,40.702562,-73.972211,2.0,33.0,543.0,3000000.0,3020230001.0,park-cemetery-etc-Brooklyn                                                 
106,Engine 210,160 Carlton Avenue,Brooklyn,11205.0,40.692758000000005,-73.972774,2.0,35.0,183.0,3058296.0,3020720033.0,Fort Greene                                                                
107,Engine 211/Ladder 119,26 Hooper Street,Brooklyn,11249.0,40.701506,-73.962398,1.0,33.0,539.0,3060298.0,3022030016.0,Williamsburg                                                               
108,Engine 221/Ladder 104,161 South 2nd Street,Brooklyn,11211.0,40.712978,-73.961259,1.0,34.0,551.0,3062972.0,3024060035.0,North Side-South Side                                                      
109,Engine 216/Ladder 108/Battalion 35,187 Union Avenue,Brooklyn,11211.0,40.706024,-73.950317,1.0,34.0,527.0,3063633.0,3024650100.0,North Side-South Side                                                      
110,Engine 238/Ladder 106,205 Greenpoint Avenue,Brooklyn,11222.0,40.730511,-73.95105600000001,1.0,33.0,579.0,3064786.0,3025600050.0,Greenpoint                                                                 
111,Engine 229/Ladder 146,75-77 Richardson Street,Brooklyn,11211.0,40.718405,-73.949027,1.0,33.0,515.0,3067898.0,3027220028.0,North Side-South Side                                                      
112,Engine 206,1201 Grand Street,Brooklyn,11211.0,40.715146999999995,-73.92795600000001,1.0,34.0,449.0,3070506.0,3029290053.0,East Williamsburg                                                          
113,Engine 237,43 Morgan Avenue,Brooklyn,11237.0,40.705334,-73.93162,1.0,34.0,453.0,3071494.0,3031020023.0,Bushwick North                                                             
114,Engine 218,650 Hart Street,Brooklyn,11221.0,40.698378999999996,-73.926877,4.0,34.0,423.0,3073407.0,3032280013.0,Bushwick South                                                             
115,Engine 271/Ladder 124/Battalion 28,392 Himrod Street,Brooklyn,11237.0,40.703721,-73.916253,4.0,37.0,443.0,3074885.0,3032810022.0,Bushwick North                                                             
116,Engine 277/Ladder 112,582 Knickerbocker Avenue,Brooklyn,11221.0,40.696564,-73.914423,4.0,37.0,433.0,3076461.0,3033430029.0,Bushwick North                                                             
117,Squad 252,617 Central Avenue,Brooklyn,11207.0,40.688472999999995,-73.90824599999999,4.0,37.0,411.0,3079480.0,3034290003.0,Bushwick South                                                             
118,Engine 231/Ladder 120/Battalion 44,107 Watkins Street,Brooklyn,11212.0,40.670374,-73.90803299999999,16.0,37.0,906.0,3080767.0,3035070005.0,Brownsville                                                                
119,Engine 283/Division 15,885 Howard Avenue,Brooklyn,11212.0,40.660877,-73.918214,16.0,41.0,894.0,3081953.0,3035800020.0,Brownsville                                                                
120,Engine 332/Ladder 175,165 Bradford Street,Brooklyn,11207.0,40.675359,-73.892863,5.0,37.0,1198.0,3083579.0,3036910001.0,East New York                                                              
121,Engine 290/Ladder 103,480 Sheffield Avenue,Brooklyn,11207.0,40.665206,-73.895179,5.0,42.0,1126.0,3084622.0,3038040043.0,East New York (Pennsylvania Ave)                                           
122,Engine 236,998 Liberty Avenue,Brooklyn,11208.0,40.677864,-73.872853,5.0,37.0,1196.0,3094289.0,3041940020.0,East New York                                                              
123,Engine 225/Ladder 107/Battalion 39,799 Lincoln Avenue,Brooklyn,11208.0,40.669602000000005,-73.865685,5.0,42.0,1208.0,3095894.0,3042710075.0,East New York                                                              
124,Engine 310/Ladder 174/Battalion 58,5105 Snyder Avenue,Brooklyn,11203.0,40.65019,-73.929035,17.0,41.0,862.0,3102909.0,3046990040.0,Rugby-Remsen Village                                                       
125,Engine 249/Ladder 113,491 Rogers Avenue,Brooklyn,11225.0,40.660226,-73.95348299999999,9.0,40.0,800.0,3114990.0,3050330004.0,Prospect Lefferts Gardens-Wingate                                          
126,Engine 248,2900 Snyder Avenue,Brooklyn,11226.0,40.648866999999996,-73.950471,17.0,40.0,824.0,3117400.0,3051110024.0,Erasmus                                                                    
127,Engine 281/Ladder 147,1210 Cortelyou Road,Brooklyn,11218.0,40.64012,-73.966847,14.0,40.0,526.0,3118638.0,3051550004.0,Flatbush                                                                   
128,Engine 255/Ladder 157,1367 Rogers Avenue,Brooklyn,11210.0,40.636755,-73.950974,14.0,45.0,788.0,3120929.0,3052290009.0,Flatbush                                                                   
129,Engine 240/Battalion 48,1307 Prospect Avenue,Brooklyn,11218.0,40.651165,-73.975736,7.0,39.0,504.0,3122838.0,3052850021.0,Windsor Terrace                                                            
130,Engine 282/Ladder 148,4210-12 12th Avenue,Brooklyn,11219.0,40.640157,-73.990379,12.0,39.0,224.0,3135859.0,3055970044.0,Borough Park                                                               
131,Engine 247,1336 60th Street,Brooklyn,11219.0,40.62835,-73.997741,12.0,44.0,192.0,3141309.0,3057190022.0,Borough Park                                                               
132,Engine 241/Ladder 109,6630 3rd Avenue,Brooklyn,11220.0,40.638064,-74.024825,10.0,43.0,70.0,3144349.0,3058410040.0,Bay Ridge                                                                  
133,Engine 242,9219 5th Avenue,Brooklyn,11209.0,40.617596999999996,-74.029547,10.0,43.0,160.0,3155323.0,3061090019.0,Bay Ridge                                                                  
134,Engine 284/Ladder 149,1157 79th Street,Brooklyn,11228.0,40.619960999999996,-74.012986,10.0,43.0,202.0,3161800.0,3062540053.0,Dyker Heights                                                              
135,Engine 243/Ladder 168/Battalion 42,8653 18th Avenue,Brooklyn,11214.0,40.606301,-74.003637,11.0,47.0,278.0,3166596.0,3063690024.0,Bensonhurst West                                                           
136,Engine 250,126 Foster Avenue,Brooklyn,11230.0,40.627771,-73.976148,14.0,44.0,46201.0,3170273.0,3064990011.0,Flatbush                                                                   
137,Engine 330/Ladder 172 ,2312 65th Street,Brooklyn,11204.0,40.612343,-73.978973,11.0,44.0,434.0,3173419.0,3065800006.0,Bensonhurst East                                                           
138,Engine 276/Ladder 156/Battalion 33,1635 East 14th Street,Brooklyn,11229.0,40.609428,-73.959346,15.0,48.0,554.0,3182420.0,3067770064.0,Homecrest                                                                  
139,Engine 253,2429 86th Street,Brooklyn,11214.0,40.598744,-73.98854200000001,11.0,47.0,298.0,3185380.0,3068590065.0,Bensonhurst East                                                           
140,Engine 318/Ladder 166,2510-14 Neptune Avenue,Brooklyn,11224.0,40.578072999999996,-73.992901,13.0,47.0,328.0,3188880.0,3070130007.0,Seagate-Coney Island                                                       
141,Engine 254/Ladder 153,901 Avenue U,Brooklyn,11223.0,40.59823,-73.961967,15.0,47.0,394.0,3192210.0,3071120049.0,Homecrest                                                                  
142,Engine 245/Ladder 161/Battalion 43,2929 West 8th Street,Brooklyn,11224.0,40.576795000000004,-73.97646800000001,13.0,48.0,354.0,3196591.0,3072790290.0,West Brighton                                                              
143,Engine 257/Ladder 170,1361 Rockaway Parkway,Brooklyn,11236.0,40.646469,-73.903789,18.0,42.0,974.0,3229407.0,3081660033.0,Canarsie                                                                   
144,Engine 323,6405 Avenue N,Brooklyn,11234.0,40.619881,-73.915718,18.0,46.0,69602.0,3235919.0,3083640006.0,Georgetown-Marine Park-Bergen Beach-Mill Basin                             
145,Engine 309/Ladder 159,1851 East 48th Street,Brooklyn,11234.0,40.615732,-73.928488,18.0,46.0,672.0,3239495.0,3084880016.0,Flatlands                                                                  
146,Engine 246/Ladder 169,2732 East 11th Street,Brooklyn,11235.0,40.584374,-73.959127,15.0,48.0,608.0,3246894.0,3087610038.0,Sheepshead Bay-Gerritsen Beach-Manhattan Beach                             
147,Engine 321,2165 Gerritsen Avenue,Brooklyn,11229.0,40.602306,-73.93565799999999,15.0,46.0,638.0,3248186.0,3088170049.0,Madison                                                                    
148,Engine 258/Ladder 115,10-40 47th Avenue,Queens,11101.0,40.745286,-73.95215,2.0,26.0,7.0,4000333.0,4000460034.0,Hunters Point-Sunnyside-West Maspeth                                       
149,Engine 325/Ladder 163,41-24 51st Street,Queens,11377.0,40.745335,-73.913527,2.0,26.0,25302.0,4000979.0,4001310031.0,Hunters Point-Sunnyside-West Maspeth                                       
150,Engine 259/Ladder 128/Battalion 45,33-51 Greenpoint Avenue,Queens,11101.0,40.735960999999996,-73.933706,2.0,26.0,199.0,4003673.0,4003070029.0,Hunters Point-Sunnyside-West Maspeth                                       
151,Engine 260,11-15 37th Avenue,Queens,11101.0,40.759696000000005,-73.940603,1.0,26.0,85.0,4004305.0,4003520035.0,Queensbridge-Ravenswood-Long Island City                                   
153,Engine 262,30-89 21st Street,Queens,11102.0,40.767664,-73.929574,1.0,22.0,79.0,4006338.0,4005510016.0,Old Astoria                                                                
154,Engine 263/Ladder 117/Battalion 49,42-06 Astoria Boulevard,Queens,11103.0,40.768508000000004,-73.908822,1.0,22.0,141.0,4011565.0,4006880017.0,Astoria                                                                    
155,Engine 312,22-63 35th Street,Queens,11105.0,40.773796000000004,-73.91019399999999,1.0,22.0,117.0,4016405.0,4008220007.0,Steinway                                                                   
157,Engine 289/Ladder 138,97-28 43rd Avenue,Queens,11368.0,40.746168,-73.866158,4.0,21.0,409.0,4040712.0,4016280018.0,North Corona                                                               
158,Engine 316,27-12 Kearney Street,Queens,11369.0,40.762621,-73.869024,3.0,21.0,367.0,4041276.0,4016580005.0,East Elmhurst                                                              
159,Engine 324/Division 14,108-01 Horace Harding Blvd.,Queens,11368.0,40.737732,-73.851904,4.0,21.0,43701.0,4048310.0,4019640065.0,Corona                                                                     
160,Eng 292/Rescue 4,64-18 Queens Boulevard,Queens,11377.0,40.741049,-73.900971,2.0,26.0,245.0,4053652.0,4023250037.0,Woodside                                                                   
161,Squad 288/Hazmat 1,56-29 68th Street,Queens,11378.0,40.72625,-73.896512,5.0,30.0,511.0,4055348.0,4023950004.0,Maspeth                                                                    
162,Engine 287/Ladder 136/Battalion 46,86-53 Grand Avenue,Queens,11373.0,40.736156,-73.87905,4.0,25.0,475.0,4057367.0,4024770026.0,Elmhurst                                                                   
163,Engine 291/Ladder 140,56-07 Metropolitan Avenue,Queens,11385.0,40.71295,-73.906791,5.0,30.0,595.0,4440960.0,4026460018.0,Ridgewood                                                                  
164,Engine 305/Ladder 151,111-02 Queens Boulevard,Queens,11375.0,40.718522,-73.837437,6.0,29.0,76901.0,4078827.0,4032940020.0,Forest Hills                                                               
165,Engine 286/Ladder 135,66-44 Myrtle Avenue,Queens,11385.0,40.701448,-73.88674,5.0,30.0,629.0,4090228.0,4037000021.0,Glendale                                                                   
166,Engine 319,78-11 67th Road,Queens,11379.0,40.712445,-73.87500899999999,5.0,30.0,621.0,4091550.0,4037760056.0,Middle Village                                                             
167,Engine 297/Ladder 130,119-11 14th Road,Queens,11356.0,40.784806,-73.848387,7.0,19.0,929.0,4098032.0,4040540017.0,College Point                                                              
168,Engine 295/Ladder 144,12-49 149th Street,Queens,11357.0,40.789118,-73.81633000000001,7.0,19.0,981.0,4102462.0,4045050007.0,Whitestone                                                                 
169,Engine 273/Ladder 129,40-18 Union Street,Queens,11354.0,40.760003000000005,-73.826312,7.0,20.0,853.0,4113561.0,4050190066.0,Flushing                                                                   
170,Engine 274/Battalion 52,41-20 Murray Street,Queens,11355.0,40.762562,-73.812512,7.0,20.0,1167.0,4114925.0,4050580037.0,Murray Hill                                                                
171,Engine 320/Ladder 167,36-18 Francis Lewis Boulevard,Queens,11358.0,40.763428000000005,-73.78661600000001,11.0,19.0,1139.0,4120143.0,4053190008.0,Auburndale                                                                 
172,Engine 306/Battalion 53,40-18 214th Place,Queens,11361.0,40.764348,-73.76959599999999,11.0,19.0,1123.0,4138284.0,4062880032.0,Bayside-Bayside Hills                                                      
173,Engine 315/Ladder 125,159-06 Union Turnpike,Queens,11366.0,40.720329,-73.807761,8.0,24.0,1265.0,4148377.0,4068540028.0,Pomonok-Flushing Heights-Hillcrest                                         
174,Engine 299/Ladder 152,61-20 Utopia Parkway,Queens,11365.0,40.738613,-73.792967,8.0,24.0,1341.0,4148798.0,4068910003.0,Fresh Meadows-Utopia                                                       
175,Engine 326/Ladder 160,64-04 Springfield Boulevard,Queens,11364.0,40.747071000000005,-73.75568100000001,11.0,23.0,1367.0,4162454.0,4076210012.0,Oakland Gardens                                                            
176,Engine 313/Ladder 164,44-01 244th Street,Queens,11363.0,40.766659000000004,-73.742451,11.0,19.0,1479.0,4168901.0,4081120192.0,Douglas Manor-Douglaston-Little Neck                                       
177,Engine 251,254-20 Union Turnpike,Queens,11004.0,40.744582,-73.716559,13.0,23.0,157902.0,4177508.0,4086910013.0,Glen Oaks-Floral Park-New Hyde Park                                        
178,Engine 293,89-40 87th Street,Queens,11421.0,40.689493,-73.856104,9.0,32.0,8.0,4185536.0,4089680025.0,Woodhaven                                                                  
179,Engine 285/Ladder 142,103-17 98th Street,Queens,11417.0,40.682684,-73.84219399999999,10.0,32.0,4002.0,4438526.0,4091210011.0,Ozone Park                                                                 
180,Ladder 143,101-02 Jamaica Avenue,Queens,11418.0,40.695038000000004,-73.84626800000001,9.0,32.0,28.0,4194106.0,4092860006.0,Richmond Hill                                                              
181,Squad 270/Division 13,91-45 121st Street,Queens,11418.0,40.695411,-73.82625999999999,9.0,29.0,14202.0,4196913.0,4093750007.0,Richmond Hill                                                              
182,Engine 308/Battalion 51,107-12 Lefferts Boulevard,Queens,11419.0,40.684043,-73.82310600000001,10.0,28.0,106.0,4205407.0,4095980010.0,South Ozone Park                                                           
183,Engine 298/Ladder 127/Battalion 50,153-11 Hillside Avenue,Queens,11432.0,40.70731,-73.804242,8.0,24.0,236.0,4207481.0,4097060066.0,Briarwood-Jamaica Hills                                                    
184,Engine 303/Ladder 126,104-12 Princeton Street,Queens,11435.0,40.693876,-73.806943,12.0,28.0,204.0,4214846.0,4100460014.0,Jamaica                                                                    
185,Engine 275,111-36 Merrick Boulevard,Queens,11433.0,40.694052,-73.781115,12.0,27.0,266.0,4217371.0,4102080045.0,South Jamaica                                                              
186,Engine 301/Ladder 150,91-04 197th Street,Queens,11423.0,40.714494,-73.762763,12.0,23.0,484.0,4222434.0,4104640025.0,Hollis                                                                     
187,Engine 304/Ladder 162,218-44 97th Avenue,Queens,11429.0,40.71706,-73.735871,13.0,27.0,568.0,4230875.0,4107700023.0,Queens Village                                                             
188,Engine 302/Ladder 155,143-15 Rockaway Boulevard,Queens,11436.0,40.673836,-73.795461,12.0,28.0,182.0,4261544.0,4120460002.0,Baisley Park                                                               
189,Engine 317/Ladder 165/Battalion 54,117-11 196th Street,Queens,11412.0,40.69301,-73.755814,12.0,27.0,394.0,4271743.0,4126170040.0,St. Albans                                                                 
190,Engine 311/Ladder 158,145-50 Springfield Boulevard,Queens,11413.0,40.663404,-73.759473,13.0,31.0,320.0,4286093.0,4133610200.0,Springfield Gardens South-Brookville                                       
191,Engine 314,142-04 Brookville Boulevard,Queens,11422.0,40.663992,-73.740515,13.0,31.0,654.0,4287743.0,4135380015.0,Rosedale                                                                   
192,Engine 331/Ladder 173,158-57 Cross Bay Boulevard,Queens,11414.0,40.659929999999996,-73.84004499999999,10.0,32.0,892.0,4295071.0,4141630101.0,Lindenwood-Howard Beach                                                    
193,Engine 264/Engine 328/Ladder 134,16-15 Central Avenue,Queens,11691.0,40.604896999999994,-73.75222600000001,14.0,31.0,103202.0,4529057.0,4155590025.0,Far Rockaway-Bayswater                                                     
194,Engine 265/Ladder 121/Battalion 47 EMS Station 47,48-06 Rockaway Beach Boulevard,Queens,11691.0,40.593377000000004,-73.77897800000001,14.0,31.0,97204.0,4539800.0,4158400001.0,Hammels-Arverne-Edgemere                                                   
195,Engine 266/Battalion 47,92-20 Rockaway Beach Boulevard,Queens,11693.0,40.58633,-73.815775,14.0,32.0,94202.0,4439014.0,4161270001.0,Hammels-Arverne-Edgemere                                                   
196,Engine 268/Ladder 137,257 Beach 116th Street,Queens,11694.0,40.580627,-73.837683,14.0,32.0,93402.0,4304442.0,4162120017.0,Breezy Point-Belle Harbor-Rockaway Park-Broad Channel                      
197,Engine 329,402 Beach 169th Street,Queens,11695.0,40.566034,-73.881874,84.0,32.0,918.0,4307098.0,4163250001.0,park-cemetery-etc-Queens                                                   
198,Marine 9,Saint George Ferry Terminal,Staten Island,10301.0,40.644112,-74.072559,1.0,49.0,3.0,5000000.0,5000020001.0,West New Brighton-New Brighton-St. George                                  
199,Engine 155/Ladder 78,14 Brighton Avenue,Staten Island,10301.0,40.637734,-74.087746,1.0,49.0,77.0,5002472.0,5001030020.0,West New Brighton-New Brighton-St. George                                  
200,Ladder 79/Battalion 22,1189 Castleton Avenue,Staten Island,10310.0,40.63415,-74.122199,1.0,49.0,13302.0,5005308.0,5001980136.0,West New Brighton-New Brighton-St. George                                  
201,Engine 156,412 Broadway,Staten Island,10310.0,40.631093,-74.116574,1.0,49.0,125.0,5005815.0,5002170050.0,West New Brighton-New Brighton-St. George                                  
202,Engine 163/Ladder 83,875 Jewett Avenue,Staten Island,10314.0,40.615251,-74.130971,1.0,50.0,151.0,5010816.0,5003770018.0,Westerleigh                                                                
203,Engine 153/Ladder 77,74 Broad Street,Staten Island,10304.0,40.625167,-74.077772,1.0,49.0,27.0,5013836.0,5005290009.0,Stapleton-Rosebank                                                         
204,Engine 165/Ladder 85,3067 Richmond Road,Staten Island,10306.0,40.575827000000004,-74.123727,2.0,50.0,181.0,5023532.0,5009490001.0,Todt Hill-Emerson Hill-Heartland Village-Lighthouse Hill                   
205,Engine 157/Ladder 80,1573 Castleton Avenue,Staten Island,10302.0,40.636052,-74.135343,1.0,49.0,207.0,5025442.0,5010800002.0,Port Richmond                                                              
206,Engine 158,65 Harbor Road,Staten Island,10303.0,40.635546999999995,-74.160224,1.0,49.0,223.0,5027755.0,5012270025.0,Mariner's Harbor-Arlington-Port Ivory-Graniteville                         
207,Engine 166/Ladder 86,1400 Richmond Avenue,Staten Island,10314.0,40.614265,-74.157735,2.0,50.0,29104.0,5031692.0,5016120005.0,New Springville-Bloomfield-Travis                                          
208,Engine 154/District Office 8/ Staten Island Borough Command,3730 Victory Boulevard,Staten Island,10314.0,40.598213,-74.180462,2.0,50.0,29102.0,5041882.0,5026650025.0,New Springville-Bloomfield-Travis                                          
209,Engine 152/Battalion 21,256 Hylan Boulevard,Staten Island,10305.0,40.611872999999996,-74.07046700000001,1.0,49.0,8.0,5042846.0,5028560015.0,Stapleton-Rosebank                                                         
210,Engine 161/Ladder 81,278 Mc Clean Avenue,Staten Island,10305.0,40.596826,-74.070138,2.0,50.0,74.0,5045654.0,5031080025.0,Grasmere-Arrochar-Ft. Wadsworth                                            
211,Engine 160/Rescue 5/Division 8,1850 Clove Road,Staten Island,10304.0,40.607485,-74.089111,2.0,50.0,50.0,5046179.0,5031530038.0,Grasmere-Arrochar-Ft. Wadsworth                                            
212,Engine 159,1592 Richmond Road,Staten Island,10304.0,40.590934999999995,-74.100895,2.0,50.0,9602.0,5048682.0,5033060008.0,Old Town-Dongan Hills-South Beach                                          
213,Engine 162/Ladder 82/Battalion 23,256 Nelson Avenue,Staten Island,10308.0,40.543205,-74.147097,3.0,51.0,15601.0,5067428.0,5052710031.0,Great Kills                                                                
214,Engine 167/Ladder 87,345 Annadale Road,Staten Island,10312.0,40.554173999999996,-74.175809,3.0,51.0,17012.0,5075428.0,5056420006.0,Annadale-Huguenot-Prince's Bay-Eltingville                                 
215,Engine 164/Ladder 84,1560 Drumgoole Road West,Staten Island,10312.0,40.535332000000004,-74.195611,3.0,51.0,20804.0,5083491.0,5068280065.0,Rossville-Woodrow                                                          
216,Engine 168/EMS Station 23,1100 Rossville Avenue,Staten Island,10309.0,40.553977,-74.212812,3.0,51.0,20801.0,5154879.0,5070670252.0,Rossville-Woodrow                                                          
217,Engine 151/Ladder 76,7219 Amboy Road,Staten Island,10307.0,40.512518,-74.238822,3.0,51.0,248.0,5089056.0,5080400010.0,Charleston-Richmond Valley-Tottenville                                     
